"Laikotarpis","Rodiklis","Matavimo vienetai","Reikšmė"
"2021M03","Nuolatinių gyventojų skaičius mėnesio pradžioje","asmenys","2790044"
"2021M02","Nuolatinių gyventojų skaičius mėnesio pradžioje","asmenys","2792155"
"2021M02","Mėnesinis gyvų gimusių kūdikių skaičius","asmenys","1624"
"2021M02","Mėnesinis mirusiųjų skaičius","asmenys","3740"
"2021M01","Nuolatinių gyventojų skaičius mėnesio pradžioje","asmenys","2795175"
"2021M01","Mėnesinis gyvų gimusių kūdikių skaičius","asmenys","1678"
"2021M01","Mėnesinis mirusiųjų skaičius","asmenys","4981"
"2020M12","Nuolatinių gyventojų skaičius mėnesio pradžioje","asmenys","2797223"
"2020M12","Mėnesinis gyvų gimusių kūdikių skaičius","asmenys","1804"
"2020M12","Mėnesinis mirusiųjų skaičius","asmenys","5834"
"2020M11","Nuolatinių gyventojų skaičius mėnesio pradžioje","asmenys","2797907"
"2020M11","Mėnesinis gyvų gimusių kūdikių skaičius","asmenys","1920"
"2020M11","Mėnesinis mirusiųjų skaičius","asmenys","4331"
"2020M10","Nuolatinių gyventojų skaičius mėnesio pradžioje","asmenys","2797732"
"2020M10","Mėnesinis gyvų gimusių kūdikių skaičius","asmenys","2066"
"2020M10","Mėnesinis mirusiųjų skaičius","asmenys","3565"
"2020M09","Nuolatinių gyventojų skaičius mėnesio pradžioje","asmenys","2797111"
"2020M09","Mėnesinis gyvų gimusių kūdikių skaičius","asmenys","2331"
"2020M09","Mėnesinis mirusiųjų skaičius","asmenys","3203"
"2020M08","Nuolatinių gyventojų skaičius mėnesio pradžioje","asmenys","2796424"
"2020M08","Mėnesinis gyvų gimusių kūdikių skaičius","asmenys","2362"
"2020M08","Mėnesinis mirusiųjų skaičius","asmenys","3375"
"2020M07","Nuolatinių gyventojų skaičius mėnesio pradžioje","asmenys","2795230"
"2020M07","Mėnesinis gyvų gimusių kūdikių skaičius","asmenys","2357"
"2020M07","Mėnesinis mirusiųjų skaičius","asmenys","3043"
"2020M06","Nuolatinių gyventojų skaičius mėnesio pradžioje","asmenys","2794361"
"2020M06","Mėnesinis gyvų gimusių kūdikių skaičius","asmenys","2236"
"2020M06","Mėnesinis mirusiųjų skaičius","asmenys","3535"
"2020M05","Nuolatinių gyventojų skaičius mėnesio pradžioje","asmenys","2793869"
"2020M05","Mėnesinis gyvų gimusių kūdikių skaičius","asmenys","2006"
"2020M05","Mėnesinis mirusiųjų skaičius","asmenys","3046"
"2020M04","Nuolatinių gyventojų skaičius mėnesio pradžioje","asmenys","2793483"
"2020M04","Mėnesinis gyvų gimusių kūdikių skaičius","asmenys","1986"
"2020M04","Mėnesinis mirusiųjų skaičius","asmenys","3323"
"2020M03","Nuolatinių gyventojų skaičius mėnesio pradžioje","asmenys","2793854"
"2020M03","Mėnesinis gyvų gimusių kūdikių skaičius","asmenys","1731"
"2020M03","Mėnesinis mirusiųjų skaičius","asmenys","3571"
"2020M02","Nuolatinių gyventojų skaičius mėnesio pradžioje","asmenys","2793450"
"2020M02","Mėnesinis gyvų gimusių kūdikių skaičius","asmenys","1808"
"2020M02","Mėnesinis mirusiųjų skaičius","asmenys","3085"
"2020M01","Nuolatinių gyventojų skaičius mėnesio pradžioje","asmenys","2794090"
"2020M01","Mėnesinis gyvų gimusių kūdikių skaičius","asmenys","1923"
"2020M01","Mėnesinis mirusiųjų skaičius","asmenys","3530"
"2019M12","Nuolatinių gyventojų skaičius mėnesio pradžioje","asmenys","2794061"
"2019M12","Mėnesinis gyvų gimusių kūdikių skaičius","asmenys","1686"
"2019M12","Mėnesinis mirusiųjų skaičius","asmenys","3214"
"2019M11","Nuolatinių gyventojų skaičius mėnesio pradžioje","asmenys","2793926"
"2019M11","Mėnesinis gyvų gimusių kūdikių skaičius","asmenys","2105"
"2019M11","Mėnesinis mirusiųjų skaičius","asmenys","3022"
"2019M10","Nuolatinių gyventojų skaičius mėnesio pradžioje","asmenys","2793809"
"2019M10","Mėnesinis gyvų gimusių kūdikių skaičius","asmenys","2240"
"2019M10","Mėnesinis mirusiųjų skaičius","asmenys","3065"
"2019M09","Nuolatinių gyventojų skaičius mėnesio pradžioje","asmenys","2793601"
"2019M09","Mėnesinis gyvų gimusių kūdikių skaičius","asmenys","2528"
"2019M09","Mėnesinis mirusiųjų skaičius","asmenys","2835"
"2019M08","Nuolatinių gyventojų skaičius mėnesio pradžioje","asmenys","2793280"
"2019M08","Mėnesinis gyvų gimusių kūdikių skaičius","asmenys","2535"
"2019M08","Mėnesinis mirusiųjų skaičius","asmenys","2976"
"2019M07","Nuolatinių gyventojų skaičius mėnesio pradžioje","asmenys","2792209"
"2019M07","Mėnesinis gyvų gimusių kūdikių skaičius","asmenys","2721"
"2019M07","Mėnesinis mirusiųjų skaičius","asmenys","3025"
"2019M06","Nuolatinių gyventojų skaičius mėnesio pradžioje","asmenys","2791606"
"2019M06","Mėnesinis gyvų gimusių kūdikių skaičius","asmenys","2385"
"2019M06","Mėnesinis mirusiųjų skaičius","asmenys","3147"
"2019M05","Nuolatinių gyventojų skaičius mėnesio pradžioje","asmenys","2791215"
"2019M05","Mėnesinis gyvų gimusių kūdikių skaičius","asmenys","2387"
"2019M05","Mėnesinis mirusiųjų skaičius","asmenys","3221"
"2019M04","Nuolatinių gyventojų skaičius mėnesio pradžioje","asmenys","2791007"
"2019M04","Mėnesinis gyvų gimusių kūdikių skaičius","asmenys","2275"
"2019M04","Mėnesinis mirusiųjų skaičius","asmenys","3128"
"2019M03","Nuolatinių gyventojų skaičius mėnesio pradžioje","asmenys","2791567"
"2019M03","Mėnesinis gyvų gimusių kūdikių skaičius","asmenys","2250"
"2019M03","Mėnesinis mirusiųjų skaičius","asmenys","3336"
"2019M02","Nuolatinių gyventojų skaičius mėnesio pradžioje","asmenys","2792377"
"2019M02","Mėnesinis gyvų gimusių kūdikių skaičius","asmenys","2017"
"2019M02","Mėnesinis mirusiųjų skaičius","asmenys","3309"
"2019M01","Nuolatinių gyventojų skaičius mėnesio pradžioje","asmenys","2794184"
"2019M01","Mėnesinis gyvų gimusių kūdikių skaičius","asmenys","2264"
"2019M01","Mėnesinis mirusiųjų skaičius","asmenys","4003"
"2018M12","Nuolatinių gyventojų skaičius mėnesio pradžioje","asmenys","2795274"
"2018M12","Mėnesinis gyvų gimusių kūdikių skaičius","asmenys","2126"
"2018M12","Mėnesinis mirusiųjų skaičius","asmenys","3543"
"2018M11","Nuolatinių gyventojų skaičius mėnesio pradžioje","asmenys","2796370"
"2018M11","Mėnesinis gyvų gimusių kūdikių skaičius","asmenys","2116"
"2018M11","Mėnesinis mirusiųjų skaičius","asmenys","3022"
"2018M10","Nuolatinių gyventojų skaičius mėnesio pradžioje","asmenys","2797941"
"2018M10","Mėnesinis gyvų gimusių kūdikių skaičius","asmenys","2336"
"2018M10","Mėnesinis mirusiųjų skaičius","asmenys","3199"
"2018M09","Nuolatinių gyventojų skaičius mėnesio pradžioje","asmenys","2799344"
"2018M09","Mėnesinis gyvų gimusių kūdikių skaičius","asmenys","2463"
"2018M09","Mėnesinis mirusiųjų skaičius","asmenys","2792"
"2018M08","Nuolatinių gyventojų skaičius mėnesio pradžioje","asmenys","2800888"
"2018M08","Mėnesinis gyvų gimusių kūdikių skaičius","asmenys","2403"
"2018M08","Mėnesinis mirusiųjų skaičius","asmenys","3138"
"2018M07","Nuolatinių gyventojų skaičius mėnesio pradžioje","asmenys","2801501"
"2018M07","Mėnesinis gyvų gimusių kūdikių skaičius","asmenys","2563"
"2018M07","Mėnesinis mirusiųjų skaičius","asmenys","3066"
"2018M06","Nuolatinių gyventojų skaičius mėnesio pradžioje","asmenys","2801647"
"2018M06","Mėnesinis gyvų gimusių kūdikių skaičius","asmenys","2463"
"2018M06","Mėnesinis mirusiųjų skaičius","asmenys","2836"
"2018M05","Nuolatinių gyventojų skaičius mėnesio pradžioje","asmenys","2801932"
"2018M05","Mėnesinis gyvų gimusių kūdikių skaičius","asmenys","2498"
"2018M05","Mėnesinis mirusiųjų skaičius","asmenys","3262"
"2018M04","Nuolatinių gyventojų skaičius mėnesio pradžioje","asmenys","2802958"
"2018M04","Mėnesinis gyvų gimusių kūdikių skaičius","asmenys","2307"
"2018M04","Mėnesinis mirusiųjų skaičius","asmenys","3365"
"2018M03","Nuolatinių gyventojų skaičius mėnesio pradžioje","asmenys","2804776"
"2018M03","Mėnesinis gyvų gimusių kūdikių skaičius","asmenys","2371"
"2018M03","Mėnesinis mirusiųjų skaičius","asmenys","3818"
"2018M02","Nuolatinių gyventojų skaičius mėnesio pradžioje","asmenys","2806676"
"2018M02","Mėnesinis gyvų gimusių kūdikių skaičius","asmenys","2102"
"2018M02","Mėnesinis mirusiųjų skaičius","asmenys","3745"
"2018M01","Nuolatinių gyventojų skaičius mėnesio pradžioje","asmenys","2808901"
"2018M01","Mėnesinis gyvų gimusių kūdikių skaičius","asmenys","2401"
"2018M01","Mėnesinis mirusiųjų skaičius","asmenys","3788"
"2017M12","Nuolatinių gyventojų skaičius mėnesio pradžioje","asmenys","2810564"
"2017M12","Mėnesinis gyvų gimusių kūdikių skaičius","asmenys","2201"
"2017M12","Mėnesinis mirusiųjų skaičius","asmenys","3349"
"2017M11","Nuolatinių gyventojų skaičius mėnesio pradžioje","asmenys","2812993"
"2017M11","Mėnesinis gyvų gimusių kūdikių skaičius","asmenys","2193"
"2017M11","Mėnesinis mirusiųjų skaičius","asmenys","3266"
"2017M10","Nuolatinių gyventojų skaičius mėnesio pradžioje","asmenys","2815778"
"2017M10","Mėnesinis gyvų gimusių kūdikių skaičius","asmenys","2314"
"2017M10","Mėnesinis mirusiųjų skaičius","asmenys","3401"
"2017M09","Nuolatinių gyventojų skaičius mėnesio pradžioje","asmenys","2818687"
"2017M09","Mėnesinis gyvų gimusių kūdikių skaičius","asmenys","2546"
"2017M09","Mėnesinis mirusiųjų skaičius","asmenys","3015"
"2017M08","Nuolatinių gyventojų skaičius mėnesio pradžioje","asmenys","2821527"
"2017M08","Mėnesinis gyvų gimusių kūdikių skaičius","asmenys","2534"
"2017M08","Mėnesinis mirusiųjų skaičius","asmenys","2942"
"2017M07","Nuolatinių gyventojų skaičius mėnesio pradžioje","asmenys","2824030"
"2017M07","Mėnesinis gyvų gimusių kūdikių skaičius","asmenys","2668"
"2017M07","Mėnesinis mirusiųjų skaičius","asmenys","3122"
"2017M06","Nuolatinių gyventojų skaičius mėnesio pradžioje","asmenys","2826282"
"2017M06","Mėnesinis gyvų gimusių kūdikių skaičius","asmenys","2488"
"2017M06","Mėnesinis mirusiųjų skaičius","asmenys","3026"
"2017M05","Nuolatinių gyventojų skaičius mėnesio pradžioje","asmenys","2828724"
"2017M05","Mėnesinis gyvų gimusių kūdikių skaičius","asmenys","2511"
"2017M05","Mėnesinis mirusiųjų skaičius","asmenys","3382"
"2017M04","Nuolatinių gyventojų skaičius mėnesio pradžioje","asmenys","2832018"
"2017M04","Mėnesinis gyvų gimusių kūdikių skaičius","asmenys","2272"
"2017M04","Mėnesinis mirusiųjų skaičius","asmenys","3257"
"2017M03","Nuolatinių gyventojų skaičius mėnesio pradžioje","asmenys","2835338"
"2017M03","Mėnesinis gyvų gimusių kūdikių skaičius","asmenys","2400"
"2017M03","Mėnesinis mirusiųjų skaičius","asmenys","3452"
"2017M02","Nuolatinių gyventojų skaičius mėnesio pradžioje","asmenys","2841384"
"2017M02","Mėnesinis gyvų gimusių kūdikių skaičius","asmenys","2179"
"2017M02","Mėnesinis mirusiųjų skaičius","asmenys","3683"
"2017M01","Nuolatinių gyventojų skaičius mėnesio pradžioje","asmenys","2847904"
"2017M01","Mėnesinis gyvų gimusių kūdikių skaičius","asmenys","2390"
"2017M01","Mėnesinis mirusiųjų skaičius","asmenys","4247"
"2016M12","Nuolatinių gyventojų skaičius mėnesio pradžioje","asmenys","2852870"
"2016M12","Mėnesinis gyvų gimusių kūdikių skaičius","asmenys","2313"
"2016M12","Mėnesinis mirusiųjų skaičius","asmenys","3522"
"2016M11","Nuolatinių gyventojų skaičius mėnesio pradžioje","asmenys","2855963"
"2016M11","Mėnesinis gyvų gimusių kūdikių skaičius","asmenys","2310"
"2016M11","Mėnesinis mirusiųjų skaičius","asmenys","3396"
"2016M10","Nuolatinių gyventojų skaičius mėnesio pradžioje","asmenys","2859271"
"2016M10","Mėnesinis gyvų gimusių kūdikių skaičius","asmenys","2476"
"2016M10","Mėnesinis mirusiųjų skaičius","asmenys","3515"
"2016M09","Nuolatinių gyventojų skaičius mėnesio pradžioje","asmenys","2862665"
"2016M09","Mėnesinis gyvų gimusių kūdikių skaičius","asmenys","2712"
"2016M09","Mėnesinis mirusiųjų skaičius","asmenys","3023"
"2016M08","Nuolatinių gyventojų skaičius mėnesio pradžioje","asmenys","2867317"
"2016M08","Mėnesinis gyvų gimusių kūdikių skaičius","asmenys","2688"
"2016M08","Mėnesinis mirusiųjų skaičius","asmenys","3159"
"2016M07","Nuolatinių gyventojų skaičius mėnesio pradžioje","asmenys","2870351"
"2016M07","Mėnesinis gyvų gimusių kūdikių skaičius","asmenys","2847"
"2016M07","Mėnesinis mirusiųjų skaičius","asmenys","3218"
"2016M06","Nuolatinių gyventojų skaičius mėnesio pradžioje","asmenys","2873297"
"2016M06","Mėnesinis gyvų gimusių kūdikių skaičius","asmenys","2547"
"2016M06","Mėnesinis mirusiųjų skaičius","asmenys","3247"
"2016M05","Nuolatinių gyventojų skaičius mėnesio pradžioje","asmenys","2876179"
"2016M05","Mėnesinis gyvų gimusių kūdikių skaičius","asmenys","2768"
"2016M05","Mėnesinis mirusiųjų skaičius","asmenys","3444"
"2016M04","Nuolatinių gyventojų skaičius mėnesio pradžioje","asmenys","2878976"
"2016M04","Mėnesinis gyvų gimusių kūdikių skaičius","asmenys","2517"
"2016M04","Mėnesinis mirusiųjų skaičius","asmenys","3389"
"2016M03","Nuolatinių gyventojų skaičius mėnesio pradžioje","asmenys","2881945"
"2016M03","Mėnesinis gyvų gimusių kūdikių skaičius","asmenys","2604"
"2016M03","Mėnesinis mirusiųjų skaičius","asmenys","3593"
"2016M02","Nuolatinių gyventojų skaičius mėnesio pradžioje","asmenys","2884824"
"2016M02","Mėnesinis gyvų gimusių kūdikių skaičius","asmenys","2329"
"2016M02","Mėnesinis mirusiųjų skaičius","asmenys","3618"
"2016M01","Nuolatinių gyventojų skaičius mėnesio pradžioje","asmenys","2888558"
"2016M01","Mėnesinis gyvų gimusių kūdikių skaičius","asmenys","2512"
"2016M01","Mėnesinis mirusiųjų skaičius","asmenys","3982"
"2015M12","Nuolatinių gyventojų skaičius mėnesio pradžioje","asmenys","2890985"
"2015M12","Mėnesinis gyvų gimusių kūdikių skaičius","asmenys","2484"
"2015M12","Mėnesinis mirusiųjų skaičius","asmenys","3601"
"2015M11","Nuolatinių gyventojų skaičius mėnesio pradžioje","asmenys","2893742"
"2015M11","Mėnesinis gyvų gimusių kūdikių skaičius","asmenys","2335"
"2015M11","Mėnesinis mirusiųjų skaičius","asmenys","3310"
"2015M10","Nuolatinių gyventojų skaičius mėnesio pradžioje","asmenys","2896559"
"2015M10","Mėnesinis gyvų gimusių kūdikių skaičius","asmenys","2649"
"2015M10","Mėnesinis mirusiųjų skaičius","asmenys","3571"
"2015M09","Nuolatinių gyventojų skaičius mėnesio pradžioje","asmenys","2898756"
"2015M09","Mėnesinis gyvų gimusių kūdikių skaičius","asmenys","2854"
"2015M09","Mėnesinis mirusiųjų skaičius","asmenys","3008"
"2015M08","Nuolatinių gyventojų skaičius mėnesio pradžioje","asmenys","2901476"
"2015M08","Mėnesinis gyvų gimusių kūdikių skaičius","asmenys","2924"
"2015M08","Mėnesinis mirusiųjų skaičius","asmenys","3235"
"2015M07","Nuolatinių gyventojų skaičius mėnesio pradžioje","asmenys","2903951"
"2015M07","Mėnesinis gyvų gimusių kūdikių skaičius","asmenys","2841"
"2015M07","Mėnesinis mirusiųjų skaičius","asmenys","3311"
"2015M06","Nuolatinių gyventojų skaičius mėnesio pradžioje","asmenys","2905376"
"2015M06","Mėnesinis gyvų gimusių kūdikių skaičius","asmenys","2933"
"2015M06","Mėnesinis mirusiųjų skaičius","asmenys","3256"
"2015M05","Nuolatinių gyventojų skaičius mėnesio pradžioje","asmenys","2908321"
"2015M05","Mėnesinis gyvų gimusių kūdikių skaičius","asmenys","2641"
"2015M05","Mėnesinis mirusiųjų skaičius","asmenys","3471"
"2015M04","Nuolatinių gyventojų skaičius mėnesio pradžioje","asmenys","2912556"
"2015M04","Mėnesinis gyvų gimusių kūdikių skaičius","asmenys","2510"
"2015M04","Mėnesinis mirusiųjų skaičius","asmenys","3597"
"2015M03","Nuolatinių gyventojų skaičius mėnesio pradžioje","asmenys","2916229"
"2015M03","Mėnesinis gyvų gimusių kūdikių skaičius","asmenys","2543"
"2015M03","Mėnesinis mirusiųjų skaičius","asmenys","3969"
"2015M02","Nuolatinių gyventojų skaičius mėnesio pradžioje","asmenys","2918880"
"2015M02","Mėnesinis gyvų gimusių kūdikių skaičius","asmenys","2198"
"2015M02","Mėnesinis mirusiųjų skaičius","asmenys","3619"
"2015M01","Nuolatinių gyventojų skaičius mėnesio pradžioje","asmenys","2921262"
"2015M01","Mėnesinis gyvų gimusių kūdikių skaičius","asmenys","2563"
"2015M01","Mėnesinis mirusiųjų skaičius","asmenys","3828"
"2014M12","Nuolatinių gyventojų skaičius mėnesio pradžioje","asmenys","2922943"
"2014M12","Mėnesinis gyvų gimusių kūdikių skaičius","asmenys","2339"
"2014M12","Mėnesinis mirusiųjų skaičius","asmenys","3527"
"2014M11","Nuolatinių gyventojų skaičius mėnesio pradžioje","asmenys","2924889"
"2014M11","Mėnesinis gyvų gimusių kūdikių skaičius","asmenys","2403"
"2014M11","Mėnesinis mirusiųjų skaičius","asmenys","3261"
"2014M10","Nuolatinių gyventojų skaičius mėnesio pradžioje","asmenys","2927330"
"2014M10","Mėnesinis gyvų gimusių kūdikių skaičius","asmenys","2491"
"2014M10","Mėnesinis mirusiųjų skaičius","asmenys","3437"
"2014M09","Nuolatinių gyventojų skaičius mėnesio pradžioje","asmenys","2929027"
"2014M09","Mėnesinis gyvų gimusių kūdikių skaičius","asmenys","2781"
"2014M09","Mėnesinis mirusiųjų skaičius","asmenys","3165"
"2014M08","Nuolatinių gyventojų skaičius mėnesio pradžioje","asmenys","2930874"
"2014M08","Mėnesinis gyvų gimusių kūdikių skaičius","asmenys","2766"
"2014M08","Mėnesinis mirusiųjų skaičius","asmenys","3205"
"2014M07","Nuolatinių gyventojų skaičius mėnesio pradžioje","asmenys","2931612"
"2014M07","Mėnesinis gyvų gimusių kūdikių skaičius","asmenys","2918"
"2014M07","Mėnesinis mirusiųjų skaičius","asmenys","3367"
"2014M06","Nuolatinių gyventojų skaičius mėnesio pradžioje","asmenys","2932538"
"2014M06","Mėnesinis gyvų gimusių kūdikių skaičius","asmenys","2609"
"2014M06","Mėnesinis mirusiųjų skaičius","asmenys","3008"
"2014M05","Nuolatinių gyventojų skaičius mėnesio pradžioje","asmenys","2934308"
"2014M05","Mėnesinis gyvų gimusių kūdikių skaičius","asmenys","2616"
"2014M05","Mėnesinis mirusiųjų skaičius","asmenys","3352"
"2014M04","Nuolatinių gyventojų skaičius mėnesio pradžioje","asmenys","2936150"
"2014M04","Mėnesinis gyvų gimusių kūdikių skaičius","asmenys","2546"
"2014M04","Mėnesinis mirusiųjų skaičius","asmenys","3505"
"2014M03","Nuolatinių gyventojų skaičius mėnesio pradžioje","asmenys","2938662"
"2014M03","Mėnesinis gyvų gimusių kūdikių skaičius","asmenys","2435"
"2014M03","Mėnesinis mirusiųjų skaičius","asmenys","3638"
"2014M02","Nuolatinių gyventojų skaičius mėnesio pradžioje","asmenys","2941008"
"2014M02","Mėnesinis gyvų gimusių kūdikių skaičius","asmenys","2109"
"2014M02","Mėnesinis mirusiųjų skaičius","asmenys","3296"
"2014M01","Nuolatinių gyventojų skaičius mėnesio pradžioje","asmenys","2943472"
"2014M01","Mėnesinis gyvų gimusių kūdikių skaičius","asmenys","2356"
"2014M01","Mėnesinis mirusiųjų skaičius","asmenys","3491"
"2013M12","Nuolatinių gyventojų skaičius mėnesio pradžioje","asmenys","2945235"
"2013M12","Mėnesinis gyvų gimusių kūdikių skaičius","asmenys","2311"
"2013M12","Mėnesinis mirusiųjų skaičius","asmenys","3449"
"2013M11","Nuolatinių gyventojų skaičius mėnesio pradžioje","asmenys","2947527"
"2013M11","Mėnesinis gyvų gimusių kūdikių skaičius","asmenys","2275"
"2013M11","Mėnesinis mirusiųjų skaičius","asmenys","3201"
"2013M10","Nuolatinių gyventojų skaičius mėnesio pradžioje","asmenys","2950406"
"2013M10","Mėnesinis gyvų gimusių kūdikių skaičius","asmenys","2455"
"2013M10","Mėnesinis mirusiųjų skaičius","asmenys","3481"
"2013M09","Nuolatinių gyventojų skaičius mėnesio pradžioje","asmenys","2952868"
"2013M09","Mėnesinis gyvų gimusių kūdikių skaičius","asmenys","2498"
"2013M09","Mėnesinis mirusiųjų skaičius","asmenys","3165"
"2013M08","Nuolatinių gyventojų skaičius mėnesio pradžioje","asmenys","2955444"
"2013M08","Mėnesinis gyvų gimusių kūdikių skaičius","asmenys","2811"
"2013M08","Mėnesinis mirusiųjų skaičius","asmenys","3083"
"2013M07","Nuolatinių gyventojų skaičius mėnesio pradžioje","asmenys","2956558"
"2013M07","Mėnesinis gyvų gimusių kūdikių skaičius","asmenys","2843"
"2013M07","Mėnesinis mirusiųjų skaičius","asmenys","3142"
"2013M06","Nuolatinių gyventojų skaičius mėnesio pradžioje","asmenys","2958134"
"2013M06","Mėnesinis gyvų gimusių kūdikių skaičius","asmenys","2504"
"2013M06","Mėnesinis mirusiųjų skaičius","asmenys","3145"
"2013M05","Nuolatinių gyventojų skaičius mėnesio pradžioje","asmenys","2960196"
"2013M05","Mėnesinis gyvų gimusių kūdikių skaičius","asmenys","2588"
"2013M05","Mėnesinis mirusiųjų skaičius","asmenys","3502"
"2013M04","Nuolatinių gyventojų skaičius mėnesio pradžioje","asmenys","2963103"
"2013M04","Mėnesinis gyvų gimusių kūdikių skaičius","asmenys","2400"
"2013M04","Mėnesinis mirusiųjų skaičius","asmenys","3763"
"2013M03","Nuolatinių gyventojų skaičius mėnesio pradžioje","asmenys","2965672"
"2013M03","Mėnesinis gyvų gimusių kūdikių skaičius","asmenys","2531"
"2013M03","Mėnesinis mirusiųjų skaičius","asmenys","3751"
"2013M02","Nuolatinių gyventojų skaičius mėnesio pradžioje","asmenys","2968653"
"2013M02","Mėnesinis gyvų gimusių kūdikių skaičius","asmenys","2198"
"2013M02","Mėnesinis mirusiųjų skaičius","asmenys","3756"
"2013M01","Nuolatinių gyventojų skaičius mėnesio pradžioje","asmenys","2971905"
"2013M01","Mėnesinis gyvų gimusių kūdikių skaičius","asmenys","2471"
"2013M01","Mėnesinis mirusiųjų skaičius","asmenys","4073"
"2012M12","Nuolatinių gyventojų skaičius mėnesio pradžioje","asmenys","2974176"
"2012M12","Mėnesinis gyvų gimusių kūdikių skaičius","asmenys","2427"
"2012M12","Mėnesinis mirusiųjų skaičius","asmenys","3815"
"2012M11","Nuolatinių gyventojų skaičius mėnesio pradžioje","asmenys","2976722"
"2012M11","Mėnesinis gyvų gimusių kūdikių skaičius","asmenys","2472"
"2012M11","Mėnesinis mirusiųjų skaičius","asmenys","3357"
"2012M10","Nuolatinių gyventojų skaičius mėnesio pradžioje","asmenys","2979692"
"2012M10","Mėnesinis gyvų gimusių kūdikių skaičius","asmenys","2613"
"2012M10","Mėnesinis mirusiųjų skaičius","asmenys","3468"
"2012M09","Nuolatinių gyventojų skaičius mėnesio pradžioje","asmenys","2982462"
"2012M09","Mėnesinis gyvų gimusių kūdikių skaičius","asmenys","2618"
"2012M09","Mėnesinis mirusiųjų skaičius","asmenys","3050"
"2012M08","Nuolatinių gyventojų skaičius mėnesio pradžioje","asmenys","2985427"
"2012M08","Mėnesinis gyvų gimusių kūdikių skaičius","asmenys","2788"
"2012M08","Mėnesinis mirusiųjų skaičius","asmenys","3111"
"2012M07","Nuolatinių gyventojų skaičius mėnesio pradžioje","asmenys","2987523"
"2012M07","Mėnesinis gyvų gimusių kūdikių skaičius","asmenys","2777"
"2012M07","Mėnesinis mirusiųjų skaičius","asmenys","3276"
"2012M06","Nuolatinių gyventojų skaičius mėnesio pradžioje","asmenys","2989732"
"2012M06","Mėnesinis gyvų gimusių kūdikių skaičius","asmenys","2610"
"2012M06","Mėnesinis mirusiųjų skaičius","asmenys","3248"
"2012M05","Nuolatinių gyventojų skaičius mėnesio pradžioje","asmenys","2991842"
"2012M05","Mėnesinis gyvų gimusių kūdikių skaičius","asmenys","2648"
"2012M05","Mėnesinis mirusiųjų skaičius","asmenys","3406"
"2012M04","Nuolatinių gyventojų skaičius mėnesio pradžioje","asmenys","2994632"
"2012M04","Mėnesinis gyvų gimusių kūdikių skaičius","asmenys","2426"
"2012M04","Mėnesinis mirusiųjų skaičius","asmenys","3501"
"2012M03","Nuolatinių gyventojų skaičius mėnesio pradžioje","asmenys","2997467"
"2012M03","Mėnesinis gyvų gimusių kūdikių skaičius","asmenys","2394"
"2012M03","Mėnesinis mirusiųjų skaičius","asmenys","3460"
"2012M02","Nuolatinių gyventojų skaičius mėnesio pradžioje","asmenys","3000248"
"2012M02","Mėnesinis gyvų gimusių kūdikių skaičius","asmenys","2260"
"2012M02","Mėnesinis mirusiųjų skaičius","asmenys","3600"
"2012M01","Nuolatinių gyventojų skaičius mėnesio pradžioje","asmenys","3003641"
"2012M01","Mėnesinis gyvų gimusių kūdikių skaičius","asmenys","2426"
"2012M01","Mėnesinis mirusiųjų skaičius","asmenys","3646"
"2011M12","Nuolatinių gyventojų skaičius mėnesio pradžioje","asmenys","3006055"
"2011M12","Mėnesinis gyvų gimusių kūdikių skaičius","asmenys","2195"
"2011M12","Mėnesinis mirusiųjų skaičius","asmenys","3562"
"2011M11","Nuolatinių gyventojų skaičius mėnesio pradžioje","asmenys","3008764"
"2011M11","Mėnesinis gyvų gimusių kūdikių skaičius","asmenys","2256"
"2011M11","Mėnesinis mirusiųjų skaičius","asmenys","3350"
"2011M10","Nuolatinių gyventojų skaičius mėnesio pradžioje","asmenys","3012306"
"2011M10","Mėnesinis gyvų gimusių kūdikių skaičius","asmenys","2383"
"2011M10","Mėnesinis mirusiųjų skaičius","asmenys","3430"
"2011M09","Nuolatinių gyventojų skaičius mėnesio pradžioje","asmenys","3016393"
"2011M09","Mėnesinis gyvų gimusių kūdikių skaičius","asmenys","2513"
"2011M09","Mėnesinis mirusiųjų skaičius","asmenys","3113"
"2011M08","Nuolatinių gyventojų skaičius mėnesio pradžioje","asmenys","3021113"
"2011M08","Mėnesinis gyvų gimusių kūdikių skaičius","asmenys","2620"
"2011M08","Mėnesinis mirusiųjų skaičius","asmenys","3056"
"2011M07","Nuolatinių gyventojų skaičius mėnesio pradžioje","asmenys","3025027"
"2011M07","Mėnesinis gyvų gimusių kūdikių skaičius","asmenys","2835"
"2011M07","Mėnesinis mirusiųjų skaičius","asmenys","3242"
"2011M06","Nuolatinių gyventojų skaičius mėnesio pradžioje","asmenys","3028704"
"2011M06","Mėnesinis gyvų gimusių kūdikių skaičius","asmenys","2686"
"2011M06","Mėnesinis mirusiųjų skaičius","asmenys","3221"
"2011M05","Nuolatinių gyventojų skaičius mėnesio pradžioje","asmenys","3033191"
"2011M05","Mėnesinis gyvų gimusių kūdikių skaičius","asmenys","2491"
"2011M05","Mėnesinis mirusiųjų skaičius","asmenys","3489"
"2011M04","Nuolatinių gyventojų skaičius mėnesio pradžioje","asmenys","3038118"
"2011M04","Mėnesinis gyvų gimusių kūdikių skaičius","asmenys","2496"
"2011M04","Mėnesinis mirusiųjų skaičius","asmenys","3579"
"2011M03","Nuolatinių gyventojų skaičius mėnesio pradžioje","asmenys","3043429"
"2011M03","Mėnesinis gyvų gimusių kūdikių skaičius","asmenys","2453"
"2011M03","Mėnesinis mirusiųjų skaičius","asmenys","3811"
"2011M02","Nuolatinių gyventojų skaičius mėnesio pradžioje","asmenys","3047409"
"2011M02","Mėnesinis gyvų gimusių kūdikių skaičius","asmenys","2568"
"2011M02","Mėnesinis mirusiųjų skaičius","asmenys","3459"
"2011M01","Nuolatinių gyventojų skaičius mėnesio pradžioje","asmenys","3052588"
"2011M01","Mėnesinis gyvų gimusių kūdikių skaičius","asmenys","2772"
"2011M01","Mėnesinis mirusiųjų skaičius","asmenys","3725"
"2010M12","Nuolatinių gyventojų skaičius mėnesio pradžioje","asmenys","3057440"
"2010M12","Mėnesinis gyvų gimusių kūdikių skaičius","asmenys","2326"
"2010M12","Mėnesinis mirusiųjų skaičius","asmenys","3831"
"2010M11","Nuolatinių gyventojų skaičius mėnesio pradžioje","asmenys","3062868"
"2010M11","Mėnesinis gyvų gimusių kūdikių skaičius","asmenys","2364"
"2010M11","Mėnesinis mirusiųjų skaičius","asmenys","3366"
"2010M10","Nuolatinių gyventojų skaičius mėnesio pradžioje","asmenys","3070098"
"2010M10","Mėnesinis gyvų gimusių kūdikių skaičius","asmenys","2467"
"2010M10","Mėnesinis mirusiųjų skaičius","asmenys","3741"
"2010M09","Nuolatinių gyventojų skaičius mėnesio pradžioje","asmenys","3078783"
"2010M09","Mėnesinis gyvų gimusių kūdikių skaičius","asmenys","2582"
"2010M09","Mėnesinis mirusiųjų skaičius","asmenys","3287"
"2010M08","Nuolatinių gyventojų skaičius mėnesio pradžioje","asmenys","3091564"
"2010M08","Mėnesinis gyvų gimusių kūdikių skaičius","asmenys","2616"
"2010M08","Mėnesinis mirusiųjų skaičius","asmenys","3288"
"2010M07","Nuolatinių gyventojų skaičius mėnesio pradžioje","asmenys","3102741"
"2010M07","Mėnesinis gyvų gimusių kūdikių skaičius","asmenys","2890"
"2010M07","Mėnesinis mirusiųjų skaičius","asmenys","3709"
"2010M06","Nuolatinių gyventojų skaičius mėnesio pradžioje","asmenys","3111877"
"2010M06","Mėnesinis gyvų gimusių kūdikių skaičius","asmenys","2598"
"2010M06","Mėnesinis mirusiųjų skaičius","asmenys","3306"
"2010M05","Nuolatinių gyventojų skaičius mėnesio pradžioje","asmenys","3122391"
"2010M05","Mėnesinis gyvų gimusių kūdikių skaičius","asmenys","2725"
"2010M05","Mėnesinis mirusiųjų skaičius","asmenys","3535"
"2010M04","Nuolatinių gyventojų skaičius mėnesio pradžioje","asmenys","3134325"
"2010M04","Mėnesinis gyvų gimusių kūdikių skaičius","asmenys","2451"
"2010M04","Mėnesinis mirusiųjų skaičius","asmenys","3367"
"2010M03","Nuolatinių gyventojų skaičius mėnesio pradžioje","asmenys","3136871"
"2010M03","Mėnesinis gyvų gimusių kūdikių skaičius","asmenys","2738"
"2010M03","Mėnesinis mirusiųjų skaičius","asmenys","3549"
"2010M02","Nuolatinių gyventojų skaičius mėnesio pradžioje","asmenys","3139420"
"2010M02","Mėnesinis gyvų gimusių kūdikių skaičius","asmenys","2333"
"2010M02","Mėnesinis mirusiųjų skaičius","asmenys","3406"
"2010M01","Nuolatinių gyventojų skaičius mėnesio pradžioje","asmenys","3141976"
"2010M01","Mėnesinis gyvų gimusių kūdikių skaičius","asmenys","2586"
"2010M01","Mėnesinis mirusiųjų skaičius","asmenys","3735"
"2009M12","Nuolatinių gyventojų skaičius mėnesio pradžioje","asmenys","3146139"
"2009M12","Mėnesinis gyvų gimusių kūdikių skaičius","asmenys","2687"
"2009M12","Mėnesinis mirusiųjų skaičius","asmenys","3732"
"2009M11","Nuolatinių gyventojų skaičius mėnesio pradžioje","asmenys","3149814"
"2009M11","Mėnesinis gyvų gimusių kūdikių skaičius","asmenys","2523"
"2009M11","Mėnesinis mirusiųjų skaičius","asmenys","3528"
"2009M10","Nuolatinių gyventojų skaičius mėnesio pradžioje","asmenys","3153848"
"2009M10","Mėnesinis gyvų gimusių kūdikių skaičius","asmenys","2617"
"2009M10","Mėnesinis mirusiųjų skaičius","asmenys","3619"
"2009M09","Nuolatinių gyventojų skaičius mėnesio pradžioje","asmenys","3157454"
"2009M09","Mėnesinis gyvų gimusių kūdikių skaičius","asmenys","2792"
"2009M09","Mėnesinis mirusiųjų skaičius","asmenys","2995"
"2009M08","Nuolatinių gyventojų skaičius mėnesio pradžioje","asmenys","3161433"
"2009M08","Mėnesinis gyvų gimusių kūdikių skaičius","asmenys","2873"
"2009M08","Mėnesinis mirusiųjų skaičius","asmenys","3151"
"2009M07","Nuolatinių gyventojų skaičius mėnesio pradžioje","asmenys","3163915"
"2009M07","Mėnesinis gyvų gimusių kūdikių skaičius","asmenys","2987"
"2009M07","Mėnesinis mirusiųjų skaičius","asmenys","3199"
"2009M06","Nuolatinių gyventojų skaičius mėnesio pradžioje","asmenys","3166640"
"2009M06","Mėnesinis gyvų gimusių kūdikių skaičius","asmenys","2751"
"2009M06","Mėnesinis mirusiųjų skaičius","asmenys","3349"
"2009M05","Nuolatinių gyventojų skaičius mėnesio pradžioje","asmenys","3169575"
"2009M05","Mėnesinis gyvų gimusių kūdikių skaičius","asmenys","2704"
"2009M05","Mėnesinis mirusiųjų skaičius","asmenys","3474"
"2009M04","Nuolatinių gyventojų skaičius mėnesio pradžioje","asmenys","3172794"
"2009M04","Mėnesinis gyvų gimusių kūdikių skaičius","asmenys","2676"
"2009M04","Mėnesinis mirusiųjų skaičius","asmenys","3547"
"2009M03","Nuolatinių gyventojų skaičius mėnesio pradžioje","asmenys","3176980"
"2009M03","Mėnesinis gyvų gimusių kūdikių skaičius","asmenys","2602"
"2009M03","Mėnesinis mirusiųjų skaičius","asmenys","3806"
"2009M02","Nuolatinių gyventojų skaičius mėnesio pradžioje","asmenys","3180433"
"2009M02","Mėnesinis gyvų gimusių kūdikių skaičius","asmenys","2327"
"2009M02","Mėnesinis mirusiųjų skaičius","asmenys","3713"
"2009M01","Nuolatinių gyventojų skaičius mėnesio pradžioje","asmenys","3183856"
"2009M01","Mėnesinis gyvų gimusių kūdikių skaičius","asmenys","2626"
"2009M01","Mėnesinis mirusiųjų skaičius","asmenys","3919"
"2008M12","Nuolatinių gyventojų skaičius mėnesio pradžioje","asmenys","3186817"
"2008M12","Mėnesinis gyvų gimusių kūdikių skaičius","asmenys","2659"
"2008M12","Mėnesinis mirusiųjų skaičius","asmenys","3848"
"2008M11","Nuolatinių gyventojų skaičius mėnesio pradžioje","asmenys","3189138"
"2008M11","Mėnesinis gyvų gimusių kūdikių skaičius","asmenys","2568"
"2008M11","Mėnesinis mirusiųjų skaičius","asmenys","3548"
"2008M10","Nuolatinių gyventojų skaičius mėnesio pradžioje","asmenys","3191847"
"2008M10","Mėnesinis gyvų gimusių kūdikių skaičius","asmenys","2739"
"2008M10","Mėnesinis mirusiųjų skaičius","asmenys","3818"
"2008M09","Nuolatinių gyventojų skaičius mėnesio pradžioje","asmenys","3194197"
"2008M09","Mėnesinis gyvų gimusių kūdikių skaičius","asmenys","2673"
"2008M09","Mėnesinis mirusiųjų skaičius","asmenys","3352"
"2008M08","Nuolatinių gyventojų skaičius mėnesio pradžioje","asmenys","3196843"
"2008M08","Mėnesinis gyvų gimusių kūdikių skaičius","asmenys","2749"
"2008M08","Mėnesinis mirusiųjų skaičius","asmenys","3346"
"2008M07","Nuolatinių gyventojų skaičius mėnesio pradžioje","asmenys","3198987"
"2008M07","Mėnesinis gyvų gimusių kūdikių skaičius","asmenys","2976"
"2008M07","Mėnesinis mirusiųjų skaičius","asmenys","3429"
"2008M06","Nuolatinių gyventojų skaičius mėnesio pradžioje","asmenys","3200889"
"2008M06","Mėnesinis gyvų gimusių kūdikių skaičius","asmenys","2613"
"2008M06","Mėnesinis mirusiųjų skaičius","asmenys","3446"
"2008M05","Nuolatinių gyventojų skaičius mėnesio pradžioje","asmenys","3202836"
"2008M05","Mėnesinis gyvų gimusių kūdikių skaičius","asmenys","2668"
"2008M05","Mėnesinis mirusiųjų skaičius","asmenys","3711"
"2008M04","Nuolatinių gyventojų skaičius mėnesio pradžioje","asmenys","3204993"
"2008M04","Mėnesinis gyvų gimusių kūdikių skaičius","asmenys","2731"
"2008M04","Mėnesinis mirusiųjų skaičius","asmenys","3543"
"2008M03","Nuolatinių gyventojų skaičius mėnesio pradžioje","asmenys","3207468"
"2008M03","Mėnesinis gyvų gimusių kūdikių skaičius","asmenys","2323"
"2008M03","Mėnesinis mirusiųjų skaičius","asmenys","3778"
"2008M02","Nuolatinių gyventojų skaičius mėnesio pradžioje","asmenys","3209778"
"2008M02","Mėnesinis gyvų gimusių kūdikių skaičius","asmenys","2297"
"2008M02","Mėnesinis mirusiųjų skaičius","asmenys","3604"
"2008M01","Nuolatinių gyventojų skaičius mėnesio pradžioje","asmenys","3212605"
"2008M01","Mėnesinis gyvų gimusių kūdikių skaičius","asmenys","2540"
"2008M01","Mėnesinis mirusiųjų skaičius","asmenys","4409"
"2007M12","Nuolatinių gyventojų skaičius mėnesio pradžioje","asmenys","3215708"
"2007M12","Mėnesinis gyvų gimusių kūdikių skaičius","asmenys","2429"
"2007M12","Mėnesinis mirusiųjų skaičius","asmenys","4066"
"2007M11","Nuolatinių gyventojų skaičius mėnesio pradžioje","asmenys","3218511"
"2007M11","Mėnesinis gyvų gimusių kūdikių skaičius","asmenys","2443"
"2007M11","Mėnesinis mirusiųjų skaičius","asmenys","3825"
"2007M10","Nuolatinių gyventojų skaičius mėnesio pradžioje","asmenys","3221551"
"2007M10","Mėnesinis gyvų gimusių kūdikių skaičius","asmenys","2500"
"2007M10","Mėnesinis mirusiųjų skaičius","asmenys","3839"
"2007M09","Nuolatinių gyventojų skaičius mėnesio pradžioje","asmenys","3224748"
"2007M09","Mėnesinis gyvų gimusių kūdikių skaičius","asmenys","2663"
"2007M09","Mėnesinis mirusiųjų skaičius","asmenys","3470"
"2007M08","Nuolatinių gyventojų skaičius mėnesio pradžioje","asmenys","3228000"
"2007M08","Mėnesinis gyvų gimusių kūdikių skaičius","asmenys","2761"
"2007M08","Mėnesinis mirusiųjų skaičius","asmenys","3528"
"2007M07","Nuolatinių gyventojų skaičius mėnesio pradžioje","asmenys","3230620"
"2007M07","Mėnesinis gyvų gimusių kūdikių skaičius","asmenys","2660"
"2007M07","Mėnesinis mirusiųjų skaičius","asmenys","3330"
"2007M06","Nuolatinių gyventojų skaičius mėnesio pradžioje","asmenys","3233493"
"2007M06","Mėnesinis gyvų gimusių kūdikių skaičius","asmenys","2428"
"2007M06","Mėnesinis mirusiųjų skaičius","asmenys","3423"
"2007M05","Nuolatinių gyventojų skaičius mėnesio pradžioje","asmenys","3236852"
"2007M05","Mėnesinis gyvų gimusių kūdikių skaičius","asmenys","2584"
"2007M05","Mėnesinis mirusiųjų skaičius","asmenys","4001"
"2007M04","Nuolatinių gyventojų skaičius mėnesio pradžioje","asmenys","3239927"
"2007M04","Mėnesinis gyvų gimusių kūdikių skaičius","asmenys","2295"
"2007M04","Mėnesinis mirusiųjų skaičius","asmenys","3674"
"2007M03","Nuolatinių gyventojų skaičius mėnesio pradžioje","asmenys","3243585"
"2007M03","Mėnesinis gyvų gimusių kūdikių skaičius","asmenys","2571"
"2007M03","Mėnesinis mirusiųjų skaičius","asmenys","4505"
"2007M02","Nuolatinių gyventojų skaičius mėnesio pradžioje","asmenys","3246783"
"2007M02","Mėnesinis gyvų gimusių kūdikių skaičius","asmenys","2219"
"2007M02","Mėnesinis mirusiųjų skaičius","asmenys","3923"
"2007M01","Nuolatinių gyventojų skaičius mėnesio pradžioje","asmenys","3249983"
"2007M01","Mėnesinis gyvų gimusių kūdikių skaičius","asmenys","2467"
"2007M01","Mėnesinis mirusiųjų skaičius","asmenys","4040"
"2006M12","Nuolatinių gyventojų skaičius mėnesio pradžioje","asmenys","3253634"
"2006M12","Mėnesinis gyvų gimusių kūdikių skaičius","asmenys","2316"
"2006M12","Mėnesinis mirusiųjų skaičius","asmenys","3974"
"2006M11","Nuolatinių gyventojų skaičius mėnesio pradžioje","asmenys","3257015"
"2006M11","Mėnesinis gyvų gimusių kūdikių skaičius","asmenys","2415"
"2006M11","Mėnesinis mirusiųjų skaičius","asmenys","3745"
"2006M10","Nuolatinių gyventojų skaičius mėnesio pradžioje","asmenys","3260482"
"2006M10","Mėnesinis gyvų gimusių kūdikių skaičius","asmenys","2431"
"2006M10","Mėnesinis mirusiųjų skaičius","asmenys","3741"
"2006M09","Nuolatinių gyventojų skaičius mėnesio pradžioje","asmenys","3263274"
"2006M09","Mėnesinis gyvų gimusių kūdikių skaičius","asmenys","2612"
"2006M09","Mėnesinis mirusiųjų skaičius","asmenys","3290"
"2006M08","Nuolatinių gyventojų skaičius mėnesio pradžioje","asmenys","3266569"
"2006M08","Mėnesinis gyvų gimusių kūdikių skaičius","asmenys","2609"
"2006M08","Mėnesinis mirusiųjų skaičius","asmenys","3265"
"2006M07","Nuolatinių gyventojų skaičius mėnesio pradžioje","asmenys","3269707"
"2006M07","Mėnesinis gyvų gimusių kūdikių skaičius","asmenys","2722"
"2006M07","Mėnesinis mirusiųjų skaičius","asmenys","3655"
"2006M06","Nuolatinių gyventojų skaičius mėnesio pradžioje","asmenys","3273155"
"2006M06","Mėnesinis gyvų gimusių kūdikių skaičius","asmenys","2576"
"2006M06","Mėnesinis mirusiųjų skaičius","asmenys","3721"
"2006M05","Nuolatinių gyventojų skaičius mėnesio pradžioje","asmenys","3276566"
"2006M05","Mėnesinis gyvų gimusių kūdikių skaičius","asmenys","2516"
"2006M05","Mėnesinis mirusiųjų skaičius","asmenys","3733"
"2006M04","Nuolatinių gyventojų skaičius mėnesio pradžioje","asmenys","3279564"
"2006M04","Mėnesinis gyvų gimusių kūdikių skaičius","asmenys","2355"
"2006M04","Mėnesinis mirusiųjų skaičius","asmenys","3784"
"2006M03","Nuolatinių gyventojų skaičius mėnesio pradžioje","asmenys","3282988"
"2006M03","Mėnesinis gyvų gimusių kūdikių skaičius","asmenys","2460"
"2006M03","Mėnesinis mirusiųjų skaičius","asmenys","3903"
"2006M02","Nuolatinių gyventojų skaičius mėnesio pradžioje","asmenys","3286151"
"2006M02","Mėnesinis gyvų gimusių kūdikių skaičius","asmenys","2249"
"2006M02","Mėnesinis mirusiųjų skaičius","asmenys","3614"
"2006M01","Nuolatinių gyventojų skaičius mėnesio pradžioje","asmenys","3289835"
"2006M01","Mėnesinis gyvų gimusių kūdikių skaičius","asmenys","2345"
"2006M01","Mėnesinis mirusiųjų skaičius","asmenys","4388"
"2005M12","Nuolatinių gyventojų skaičius mėnesio pradžioje","asmenys","3294592"
"2005M12","Mėnesinis gyvų gimusių kūdikių skaičius","asmenys","2259"
"2005M12","Mėnesinis mirusiųjų skaičius","asmenys","3929"
"2005M11","Nuolatinių gyventojų skaičius mėnesio pradžioje","asmenys","3298671"
"2005M11","Mėnesinis gyvų gimusių kūdikių skaičius","asmenys","2320"
"2005M11","Mėnesinis mirusiųjų skaičius","asmenys","3668"
"2005M10","Nuolatinių gyventojų skaičius mėnesio pradžioje","asmenys","3303514"
"2005M10","Mėnesinis gyvų gimusių kūdikių skaičius","asmenys","2379"
"2005M10","Mėnesinis mirusiųjų skaičius","asmenys","3720"
"2005M09","Nuolatinių gyventojų skaičius mėnesio pradžioje","asmenys","3308584"
"2005M09","Mėnesinis gyvų gimusių kūdikių skaičius","asmenys","2541"
"2005M09","Mėnesinis mirusiųjų skaičius","asmenys","3310"
"2005M08","Nuolatinių gyventojų skaičius mėnesio pradžioje","asmenys","3315496"
"2005M08","Mėnesinis gyvų gimusių kūdikių skaičius","asmenys","2596"
"2005M08","Mėnesinis mirusiųjų skaičius","asmenys","3387"
"2005M07","Nuolatinių gyventojų skaičius mėnesio pradžioje","asmenys","3321136"
"2005M07","Mėnesinis gyvų gimusių kūdikių skaičius","asmenys","2719"
"2005M07","Mėnesinis mirusiųjų skaičius","asmenys","3392"
"2005M06","Nuolatinių gyventojų skaičius mėnesio pradžioje","asmenys","3327021"
"2005M06","Mėnesinis gyvų gimusių kūdikių skaičius","asmenys","2500"
"2005M06","Mėnesinis mirusiųjų skaičius","asmenys","3413"
"2005M05","Nuolatinių gyventojų skaičius mėnesio pradžioje","asmenys","3333010"
"2005M05","Mėnesinis gyvų gimusių kūdikių skaičius","asmenys","2425"
"2005M05","Mėnesinis mirusiųjų skaičius","asmenys","3823"
"2005M04","Nuolatinių gyventojų skaičius mėnesio pradžioje","asmenys","3338595"
"2005M04","Mėnesinis gyvų gimusių kūdikių skaičius","asmenys","2409"
"2005M04","Mėnesinis mirusiųjų skaičius","asmenys","3724"
"2005M03","Nuolatinių gyventojų skaičius mėnesio pradžioje","asmenys","3344289"
"2005M03","Mėnesinis gyvų gimusių kūdikių skaičius","asmenys","2619"
"2005M03","Mėnesinis mirusiųjų skaičius","asmenys","4208"
"2005M02","Nuolatinių gyventojų skaičius mėnesio pradžioje","asmenys","3349478"
"2005M02","Mėnesinis gyvų gimusių kūdikių skaičius","asmenys","2239"
"2005M02","Mėnesinis mirusiųjų skaičius","asmenys","3436"
"2005M01","Nuolatinių gyventojų skaičius mėnesio pradžioje","asmenys","3355220"
"2005M01","Mėnesinis gyvų gimusių kūdikių skaičius","asmenys","2504"
"2005M01","Mėnesinis mirusiųjų skaičius","asmenys","3789"
"2004M12","Nuolatinių gyventojų skaičius mėnesio pradžioje","asmenys","3359520"
"2004M12","Mėnesinis gyvų gimusių kūdikių skaičius","asmenys","2363"
"2004M12","Mėnesinis mirusiųjų skaičius","asmenys","3719"
"2004M11","Nuolatinių gyventojų skaičius mėnesio pradžioje","asmenys","3363286"
"2004M11","Mėnesinis gyvų gimusių kūdikių skaičius","asmenys","2315"
"2004M11","Mėnesinis mirusiųjų skaičius","asmenys","3446"
"2004M10","Nuolatinių gyventojų skaičius mėnesio pradžioje","asmenys","3367572"
"2004M10","Mėnesinis gyvų gimusių kūdikių skaičius","asmenys","2332"
"2004M10","Mėnesinis mirusiųjų skaičius","asmenys","3657"
"2004M09","Nuolatinių gyventojų skaičius mėnesio pradžioje","asmenys","3371453"
"2004M09","Mėnesinis gyvų gimusių kūdikių skaičius","asmenys","2418"
"2004M09","Mėnesinis mirusiųjų skaičius","asmenys","3160"
"2004M08","Nuolatinių gyventojų skaičius mėnesio pradžioje","asmenys","3375585"
"2004M08","Mėnesinis gyvų gimusių kūdikių skaičius","asmenys","2669"
"2004M08","Mėnesinis mirusiųjų skaičius","asmenys","3125"
"2004M07","Nuolatinių gyventojų skaičius mėnesio pradžioje","asmenys","3379257"
"2004M07","Mėnesinis gyvų gimusių kūdikių skaičius","asmenys","2808"
"2004M07","Mėnesinis mirusiųjų skaičius","asmenys","3253"
"2004M06","Nuolatinių gyventojų skaičius mėnesio pradžioje","asmenys","3383204"
"2004M06","Mėnesinis gyvų gimusių kūdikių skaičius","asmenys","2591"
"2004M06","Mėnesinis mirusiųjų skaičius","asmenys","3234"
"2004M05","Nuolatinių gyventojų skaičius mėnesio pradžioje","asmenys","3386170"
"2004M05","Mėnesinis gyvų gimusių kūdikių skaičius","asmenys","2426"
"2004M05","Mėnesinis mirusiųjų skaičius","asmenys","3390"
"2004M04","Nuolatinių gyventojų skaičius mėnesio pradžioje","asmenys","3388989"
"2004M04","Mėnesinis gyvų gimusių kūdikių skaičius","asmenys","2469"
"2004M04","Mėnesinis mirusiųjų skaičius","asmenys","3336"
"2004M03","Nuolatinių gyventojų skaičius mėnesio pradžioje","asmenys","3392297"
"2004M03","Mėnesinis gyvų gimusių kūdikių skaičius","asmenys","2578"
"2004M03","Mėnesinis mirusiųjų skaičius","asmenys","3494"
"2004M02","Nuolatinių gyventojų skaičius mėnesio pradžioje","asmenys","3395493"
"2004M02","Mėnesinis gyvų gimusių kūdikių skaičius","asmenys","2258"
"2004M02","Mėnesinis mirusiųjų skaičius","asmenys","3526"
"2004M01","Nuolatinių gyventojų skaičius mėnesio pradžioje","asmenys","3398929"
"2004M01","Mėnesinis gyvų gimusių kūdikių skaičius","asmenys","2542"
"2004M01","Mėnesinis mirusiųjų skaičius","asmenys","4000"
"2003M12","Nuolatinių gyventojų skaičius mėnesio pradžioje","asmenys","3401838"
"2003M12","Mėnesinis gyvų gimusių kūdikių skaičius","asmenys","2463"
"2003M12","Mėnesinis mirusiųjų skaičius","asmenys","3765"
"2003M11","Nuolatinių gyventojų skaičius mėnesio pradžioje","asmenys","3404758"
"2003M11","Mėnesinis gyvų gimusių kūdikių skaičius","asmenys","2296"
"2003M11","Mėnesinis mirusiųjų skaičius","asmenys","3383"
"2003M10","Nuolatinių gyventojų skaičius mėnesio pradžioje","asmenys","3408178"
"2003M10","Mėnesinis gyvų gimusių kūdikių skaičius","asmenys","2513"
"2003M10","Mėnesinis mirusiųjų skaičius","asmenys","3578"
"2003M09","Nuolatinių gyventojų skaičius mėnesio pradžioje","asmenys","3411073"
"2003M09","Mėnesinis gyvų gimusių kūdikių skaičius","asmenys","2597"
"2003M09","Mėnesinis mirusiųjų skaičius","asmenys","3040"
"2003M08","Nuolatinių gyventojų skaičius mėnesio pradžioje","asmenys","3414004"
"2003M08","Mėnesinis gyvų gimusių kūdikių skaičius","asmenys","2575"
"2003M08","Mėnesinis mirusiųjų skaičius","asmenys","2974"
"2003M07","Nuolatinių gyventojų skaičius mėnesio pradžioje","asmenys","3416798"
"2003M07","Mėnesinis gyvų gimusių kūdikių skaičius","asmenys","2877"
"2003M07","Mėnesinis mirusiųjų skaičius","asmenys","3203"
"2003M06","Nuolatinių gyventojų skaičius mėnesio pradžioje","asmenys","3419360"
"2003M06","Mėnesinis gyvų gimusių kūdikių skaičius","asmenys","2502"
"2003M06","Mėnesinis mirusiųjų skaičius","asmenys","3090"
"2003M05","Nuolatinių gyventojų skaičius mėnesio pradžioje","asmenys","3422555"
"2003M05","Mėnesinis gyvų gimusių kūdikių skaičius","asmenys","2567"
"2003M05","Mėnesinis mirusiųjų skaičius","asmenys","3461"
"2003M04","Nuolatinių gyventojų skaičius mėnesio pradžioje","asmenys","3424991"
"2003M04","Mėnesinis gyvų gimusių kūdikių skaičius","asmenys","2482"
"2003M04","Mėnesinis mirusiųjų skaičius","asmenys","3547"
"2003M03","Nuolatinių gyventojų skaičius mėnesio pradžioje","asmenys","3427520"
"2003M03","Mėnesinis gyvų gimusių kūdikių skaičius","asmenys","2494"
"2003M03","Mėnesinis mirusiųjų skaičius","asmenys","3886"
"2003M02","Nuolatinių gyventojų skaičius mėnesio pradžioje","asmenys","3429459"
"2003M02","Mėnesinis gyvų gimusių kūdikių skaičius","asmenys","2154"
"2003M02","Mėnesinis mirusiųjų skaičius","asmenys","3148"
"2003M01","Nuolatinių gyventojų skaičius mėnesio pradžioje","asmenys","3431497"
"2003M01","Mėnesinis gyvų gimusių kūdikių skaičius","asmenys","2457"
"2003M01","Mėnesinis mirusiųjų skaičius","asmenys","3915"
"2002M12","Nuolatinių gyventojų skaičius mėnesio pradžioje","asmenys","3434459"
"2002M12","Mėnesinis gyvų gimusių kūdikių skaičius","asmenys","2286"
"2002M12","Mėnesinis mirusiųjų skaičius","asmenys","3998"
"2002M11","Nuolatinių gyventojų skaičius mėnesio pradžioje","asmenys","3436325"
"2002M11","Mėnesinis gyvų gimusių kūdikių skaičius","asmenys","2170"
"2002M11","Mėnesinis mirusiųjų skaičius","asmenys","3448"
"2002M10","Nuolatinių gyventojų skaičius mėnesio pradžioje","asmenys","3438399"
"2002M10","Mėnesinis gyvų gimusių kūdikių skaičius","asmenys","2413"
"2002M10","Mėnesinis mirusiųjų skaičius","asmenys","3579"
"2002M09","Nuolatinių gyventojų skaičius mėnesio pradžioje","asmenys","3439717"
"2002M09","Mėnesinis gyvų gimusių kūdikių skaičius","asmenys","2537"
"2002M09","Mėnesinis mirusiųjų skaičius","asmenys","3074"
"2002M08","Nuolatinių gyventojų skaičius mėnesio pradžioje","asmenys","3441528"
"2002M08","Mėnesinis gyvų gimusių kūdikių skaičius","asmenys","2607"
"2002M08","Mėnesinis mirusiųjų skaičius","asmenys","3048"
"2002M07","Nuolatinių gyventojų skaičius mėnesio pradžioje","asmenys","3443128"
"2002M07","Mėnesinis gyvų gimusių kūdikių skaičius","asmenys","2674"
"2002M07","Mėnesinis mirusiųjų skaičius","asmenys","3187"
"2002M06","Nuolatinių gyventojų skaičius mėnesio pradžioje","asmenys","3444866"
"2002M06","Mėnesinis gyvų gimusių kūdikių skaičius","asmenys","2396"
"2002M06","Mėnesinis mirusiųjų skaičius","asmenys","3028"
"2002M05","Nuolatinių gyventojų skaičius mėnesio pradžioje","asmenys","3446583"
"2002M05","Mėnesinis gyvų gimusių kūdikių skaičius","asmenys","2578"
"2002M05","Mėnesinis mirusiųjų skaičius","asmenys","3401"
"2002M04","Nuolatinių gyventojų skaičius mėnesio pradžioje","asmenys","3448567"
"2002M04","Mėnesinis gyvų gimusių kūdikių skaičius","asmenys","2438"
"2002M04","Mėnesinis mirusiųjų skaičius","asmenys","3620"
"2002M03","Nuolatinių gyventojų skaičius mėnesio pradžioje","asmenys","3451452"
"2002M03","Mėnesinis gyvų gimusių kūdikių skaičius","asmenys","2641"
"2002M03","Mėnesinis mirusiųjų skaičius","asmenys","3714"
"2002M02","Nuolatinių gyventojų skaičius mėnesio pradžioje","asmenys","3452883"
"2002M02","Mėnesinis gyvų gimusių kūdikių skaičius","asmenys","2311"
"2002M02","Mėnesinis mirusiųjų skaičius","asmenys","3222"
"2002M01","Nuolatinių gyventojų skaičius mėnesio pradžioje","asmenys","3454637"
"2002M01","Mėnesinis gyvų gimusių kūdikių skaičius","asmenys","2490"
"2002M01","Mėnesinis mirusiųjų skaičius","asmenys","3753"
"2001M12","Nuolatinių gyventojų skaičius mėnesio pradžioje","asmenys","3458217"
"2001M12","Mėnesinis gyvų gimusių kūdikių skaičius","asmenys","2301"
"2001M12","Mėnesinis mirusiųjų skaičius","asmenys","3904"
"2001M11","Nuolatinių gyventojų skaičius mėnesio pradžioje","asmenys","3461146"
"2001M11","Mėnesinis gyvų gimusių kūdikių skaičius","asmenys","2286"
"2001M11","Mėnesinis mirusiųjų skaičius","asmenys","3415"
"2001M10","Nuolatinių gyventojų skaičius mėnesio pradžioje","asmenys","3464206"
"2001M10","Mėnesinis gyvų gimusių kūdikių skaičius","asmenys","2506"
"2001M10","Mėnesinis mirusiųjų skaičius","asmenys","3593"
"2001M09","Nuolatinių gyventojų skaičius mėnesio pradžioje","asmenys","3466659"
"2001M09","Mėnesinis gyvų gimusių kūdikių skaičius","asmenys","2459"
"2001M09","Mėnesinis mirusiųjų skaičius","asmenys","3078"
"2001M08","Nuolatinių gyventojų skaičius mėnesio pradžioje","asmenys","3469396"
"2001M08","Mėnesinis gyvų gimusių kūdikių skaičius","asmenys","2579"
"2001M08","Mėnesinis mirusiųjų skaičius","asmenys","2940"
"2001M07","Nuolatinių gyventojų skaičius mėnesio pradžioje","asmenys","3472131"
"2001M07","Mėnesinis gyvų gimusių kūdikių skaičius","asmenys","2841"
"2001M07","Mėnesinis mirusiųjų skaičius","asmenys","3223"
"2001M06","Nuolatinių gyventojų skaičius mėnesio pradžioje","asmenys","3474422"
"2001M06","Mėnesinis gyvų gimusių kūdikių skaičius","asmenys","2682"
"2001M06","Mėnesinis mirusiųjų skaičius","asmenys","3240"
"2001M05","Nuolatinių gyventojų skaičius mėnesio pradžioje","asmenys","3476605"
"2001M05","Mėnesinis gyvų gimusių kūdikių skaičius","asmenys","2872"
"2001M05","Mėnesinis mirusiųjų skaičius","asmenys","3316"
"2001M04","Nuolatinių gyventojų skaičius mėnesio pradžioje","asmenys","3479127"
"2001M04","Mėnesinis gyvų gimusių kūdikių skaičius","asmenys","2667"
"2001M04","Mėnesinis mirusiųjų skaičius","asmenys","3314"
"2001M03","Nuolatinių gyventojų skaičius mėnesio pradžioje","asmenys","3481653"
"2001M03","Mėnesinis gyvų gimusių kūdikių skaičius","asmenys","2762"
"2001M03","Mėnesinis mirusiųjų skaičius","asmenys","3449"
"2001M02","Nuolatinių gyventojų skaičius mėnesio pradžioje","asmenys","3484237"
"2001M02","Mėnesinis gyvų gimusių kūdikių skaičius","asmenys","2494"
"2001M02","Mėnesinis mirusiųjų skaičius","asmenys","3203"
"2001M01","Nuolatinių gyventojų skaičius mėnesio pradžioje","asmenys","3486998"
"2001M01","Mėnesinis gyvų gimusių kūdikių skaičius","asmenys","2736"
"2001M01","Mėnesinis mirusiųjų skaičius","asmenys","3724"
